DEVELOPER_NUMBER,DEVELOPER_EN,REGISTRATION_DATE,LICENSE_SOURCE_EN,LICENSE_TYPE_EN,LEGAL_STATUS_EN,WEBPAGE,PHONE,FAX,LICENSE_NUMBER,LICENSE_ISSUE_DATE,LICENSE_EXPIRY_DATE,CHAMBER_OF_COMMERCE_NO
"2188","VERTU REAL ESTATE DEVELOPMENT L.L.C","2025-01-02 08:05:31","DUBAI ECONOMIC DEPARTMENT","PROFESSIONAL","","","","","1446196","2024-12-25 00:00:00","2025-12-24 00:00:00",""
"2189","NABNI ALMUSTAQBAL PROPERTIES DEVELOPMENT L.L.C","2025-01-02 23:27:19","DUBAI ECONOMIC DEPARTMENT","PROFESSIONAL","","","","","1453319","2024-12-24 00:00:00","2025-12-23 00:00:00",""
"2190","GFS WONDERS DEVELOPERS L.L.C","2025-01-07 11:18:35","DUBAI ECONOMIC DEPARTMENT","PROFESSIONAL","","","","","1453303","2024-12-28 00:00:00","2025-12-27 00:00:00",""
"2191","HOMEDGE REAL ESTATE DEVELOPMENT L.L.C","2025-01-07 11:21:48","DUBAI ECONOMIC DEPARTMENT","PROFESSIONAL","","","","","1452829","2024-12-24 00:00:00","2025-12-23 00:00:00",""
"2192","BRAVIMA REAL ESTATE DEVELOPMENT L.L.C","2025-01-08 10:51:38","DUBAI ECONOMIC DEPARTMENT","PROFESSIONAL","","","","","1443345","2024-11-29 00:00:00","2025-11-28 00:00:00",""
"2193","ALAIA DEVELOPMENTS L.L.C","2025-01-09 08:18:37","DUBAI ECONOMIC DEPARTMENT","PROFESSIONAL","","","","","1451018","2024-12-25 00:00:00","2025-12-24 00:00:00",""
"2194","ONE ZERO EIGHT SEVEN ELEN REAL ESTATE L.L.C","2025-01-09 20:27:14","DUBAI ECONOMIC DEPARTMENT","PROFESSIONAL","","","0565024500","07075786786","1454565","2025-01-03 00:00:00","2026-01-02 00:00:00",""
"2195","AURUM ESTATES REAL ESTATE DEVELOPMENT L.L.C","2025-01-09 20:29:06","DUBAI ECONOMIC DEPARTMENT","PROFESSIONAL","","","043515583","043515583","1452748","2025-01-09 00:00:00","2026-01-08 00:00:00",""
"2196","MOHAMMAD ABUHIJLEH REAL ESTATE DEVELOPMENT L.L.C","2025-01-09 20:39:21","DUBAI ECONOMIC DEPARTMENT","","","","","","1458183","2025-01-09 00:00:00","2026-01-08 00:00:00",""
"2197","EXPO CITY AL WAHA RESIDENCES DEVELOPMENT FZCO","2025-01-14 20:49:23","","","","","045552020","045552021","00111","2025-01-07 00:00:00","2026-01-06 00:00:00",""
"2198","JAMAL ABUHIJLEH & AHMED AL BASSAM REAL ESTATE DEVELOPMENT L.L.C","2025-01-15 12:27:17","DUBAI ECONOMIC DEPARTMENT","PROFESSIONAL","","","0555588271","","1457417","2025-01-15 00:00:00","2026-01-14 00:00:00",""
"2199","VIBE LIFE PROPERTIES L.L.C","2025-01-16 09:56:38","DUBAI ECONOMIC DEPARTMENT","PROFESSIONAL","","","","","1368296","2024-05-29 00:00:00","2026-05-28 00:00:00",""
"2200","AZIMUTH DEVELOPMENT L.L.C","2025-01-16 13:11:59","DUBAI ECONOMIC DEPARTMENT","PROFESSIONAL","","","971-58-5860107","","1142116","2023-02-23 00:00:00","2026-02-22 00:00:00",""
"2201","DREAMKEY PROPERTIES L.L.C","2025-01-20 11:38:39","DUBAI ECONOMIC DEPARTMENT","PROFESSIONAL","","","","","1461053","2025-01-17 00:00:00","2026-01-16 00:00:00",""
"2202","TSZ REAL ESTATE DEVELOPMENT L.L.C","2025-01-20 13:45:15","DUBAI ECONOMIC DEPARTMENT","PROFESSIONAL","","","","","1331358","2024-03-23 00:00:00","2026-03-22 00:00:00",""
"2203","LE LUMINOUS REAL ESTATE DEVELOPMENT L.L.C","2025-01-20 13:50:03","DUBAI ECONOMIC DEPARTMENT","PROFESSIONAL","","","","","1406925","2024-09-02 00:00:00","2026-09-01 00:00:00",""
"2204","KHALIS PROPERTIES L.L.C","2025-01-22 07:06:54","DUBAI ECONOMIC DEPARTMENT","","","","","","1319399","2024-03-06 00:00:00","2026-03-06 00:00:00",""
"2205","THE LUXE REAL ESTATE DEVELOPMENT L.L.C","2025-01-22 11:39:19","DUBAI ECONOMIC DEPARTMENT","PROFESSIONAL","","","","","1207590","2023-07-11 00:00:00","2026-07-10 00:00:00",""
"2206","GOLDEN LIGHT REAL ESTATE DEVELOPMENTS L.L.C","2025-01-23 07:36:21","DUBAI ECONOMIC DEPARTMENT","PROFESSIONAL","","","","","1463912","2025-01-22 00:00:00","2026-01-21 00:00:00",""
"2207","ALIYAS REAL ESTATE DEVELOPMENT L.L.C","2025-01-23 07:38:00","DUBAI ECONOMIC DEPARTMENT","PROFESSIONAL","","","68836231","","1112336","2022-10-27 00:00:00","2025-10-26 00:00:00",""
"2208","AL MADAR PROPERTIES L.L.C","2025-01-23 13:11:44","DUBAI ECONOMIC DEPARTMENT","PROFESSIONAL","","","971-04-5686919","","1422039","2024-10-03 00:00:00","2026-10-02 00:00:00",""
"2209","IKARIA D W I REAL ESTATE DEVELOPMENT L.L.C","2025-01-23 21:34:51","DUBAI ECONOMIC DEPARTMENT","PROFESSIONAL","","","","","1461094","2025-01-23 00:00:00","2026-01-22 00:00:00",""
"2210","EMDEE REAL ESTATE DEVELOPMENT L.L.C","2025-01-23 21:37:22","DUBAI ECONOMIC DEPARTMENT","PROFESSIONAL","","","","","1454281","2025-01-15 00:00:00","2026-01-14 00:00:00",""
"2211","HYGGE D W I REAL ESTATE DEVELOPMENT L.L.C","2025-01-23 22:04:03","DUBAI ECONOMIC DEPARTMENT","PROFESSIONAL","","","","","1461096","2025-01-23 00:00:00","2026-01-22 00:00:00",""
"2212","IMTIAZ UG REAL ESTATE DEVELOPMENT L.L.C","2025-01-27 07:14:21","DUBAI ECONOMIC DEPARTMENT","PROFESSIONAL","","","044303703","044303703","1455437","2025-01-15 00:00:00","2026-01-14 00:00:00",""
"2213","CENTURION CAPITAL ONE PROPERTIES L.L.C","2025-01-27 07:15:11","DUBAI ECONOMIC DEPARTMENT","PROFESSIONAL","","","","","1463130","2025-01-22 00:00:00","2026-01-21 00:00:00",""
"2214","BOOSTING ONE REAL ESTATE L.L.C","2025-01-27 07:29:58","DUBAI ECONOMIC DEPARTMENT","PROFESSIONAL","","","","","1071135","2022-06-13 00:00:00","2026-06-12 00:00:00",""
"2215","N S S FUTURE REAL ESTATE DEVELOPMENT L.L.C","2025-01-27 10:03:18","DUBAI ECONOMIC DEPARTMENT","PROFESSIONAL","","","0506596665","0506596665","1393151","2024-08-06 00:00:00","2025-08-05 00:00:00",""
"2216","SAMHA REAL ESTATE DEVELOPMENT L.L.C","2025-01-27 12:27:04","DUBAI ECONOMIC DEPARTMENT","PROFESSIONAL","","","","","958954","2021-06-09 00:00:00","2026-06-08 00:00:00",""
"2217","ALLEGRO REAL ESTATE DEVELOPMENT L.L.C","2025-01-28 13:58:37","DUBAI ECONOMIC DEPARTMENT","PROFESSIONAL","","","","","1461033","2025-01-17 00:00:00","2026-01-16 00:00:00",""
"2218","DNC PROPERTIES L.L.C","2025-01-29 07:59:05","DUBAI ECONOMIC DEPARTMENT","PROFESSIONAL","","","","","1441358","2024-12-04 00:00:00","2025-12-03 00:00:00",""
"2219","KINGDOM GATE PROPERTY DEVELOPMENT L.L.C","2025-01-30 07:11:13","DUBAI ECONOMIC DEPARTMENT","PROFESSIONAL","","","","","1433209","2024-11-01 00:00:00","2025-10-31 00:00:00",""
"2220","REIT DEVELOPMENT DMCC","2025-01-30 07:13:26","DUBAI MULTI COMMODITIES CENTER  AUTHORITY","","","","045608400","","DMCC-829671","2022-01-18 00:00:00","2025-01-17 00:00:00",""
"2221","EBONY DEVELOPMENT L.L.C","2025-01-30 10:47:29","DUBAI ECONOMIC DEPARTMENT","PROFESSIONAL","","","","","1440802","2024-11-26 00:00:00","2025-11-25 00:00:00",""
"2222","ZEDOR REAL ESTATE DEVELOPMENT L.L.C","2025-02-03 07:00:36","DUBAI ECONOMIC DEPARTMENT","PROFESSIONAL","","","","","1434042","2024-11-09 00:00:00","2025-11-08 00:00:00",""
"2223","KAYA PROPERTIES L.L.C","2025-02-03 07:03:23","DUBAI ECONOMIC DEPARTMENT","PROFESSIONAL","","","00","00","1227599","2023-09-01 00:00:00","2025-08-31 00:00:00",""
"2224","G F S REAL ESTATE DEVELOPMENT L.L.C","2025-02-03 10:32:55","DUBAI ECONOMIC DEPARTMENT","PROFESSIONAL","","","","","1460995","2025-01-15 00:00:00","2026-01-14 00:00:00",""
"2225","HAYAAT IKHLAQ DEVELOPMENTS L.L.C","2025-02-03 12:27:08","DUBAI ECONOMIC DEPARTMENT","PROFESSIONAL","","","","","1442967","2024-11-26 00:00:00","2025-11-25 00:00:00",""
"2226","M A V REAL ESTATE DEVELOPMENT L.L.C","2025-02-04 07:13:26","DUBAI ECONOMIC DEPARTMENT","PROFESSIONAL","","","","","1468219","2025-02-03 00:00:00","2026-02-02 00:00:00",""
"2227","DOLCE CASA REALTY L.L.C","2025-02-04 09:17:34","DUBAI ECONOMIC DEPARTMENT","PROFESSIONAL","","","","","1459284","2025-01-16 00:00:00","2026-01-15 00:00:00",""
"2228","TURAN REAL ESTATE DEVELOPMENT L.L.C","2025-02-04 11:21:06","DUBAI ECONOMIC DEPARTMENT","PROFESSIONAL","","","971-4-6886340","971-4-6886340","1100743","2022-09-27 00:00:00","2025-09-26 00:00:00",""
"2229","ELEMENTAL DEVELOPMENTS L.L.C","2025-02-05 09:43:21","DUBAI ECONOMIC DEPARTMENT","","","","","","1435393","2024-11-07 00:00:00","2025-11-06 00:00:00",""
"2230","LUNE REAL ESTATE DEVELOPMENT L.L.C","2025-02-05 11:21:09","DUBAI ECONOMIC DEPARTMENT","","","","","","1303247","2024-02-02 00:00:00","2026-02-01 00:00:00",""
"2231","ASICO DEVELOPMENT L.L.C","2025-02-05 12:19:08","DUBAI ECONOMIC DEPARTMENT","PROFESSIONAL","","","","0","1468620","2025-02-04 00:00:00","2026-02-03 00:00:00",""
"2232","THE UNITED PROPERTIES DEVELOPMENT OWNED BY EHSAN ABDULSAMAD ALQURSHI ONE PERSON COMPANY L.L.C","2025-02-05 13:37:11","DUBAI ECONOMIC DEPARTMENT","BUSINESS","","","040000000","0444444444","758975","2016-05-19 00:00:00","2024-05-18 00:00:00",""
"2233","CDS REAL ESTATE DEVELOPMENT L.L.C","2025-02-06 08:41:40","DUBAI ECONOMIC DEPARTMENT","PROFESSIONAL","","","","","1467110","2025-02-03 00:00:00","2026-02-02 00:00:00",""
"2234","CENTURION STAR DEVELOPERS L.L.C","2025-02-06 10:49:18","DUBAI ECONOMIC DEPARTMENT","","","","971|523711104","","1463975","2025-02-04 00:00:00","2026-02-03 00:00:00",""
"2235","ROSEWELL PARK REAL ESTATE DEVELOPMENT LLC","2025-02-06 10:50:14","DUBAI ECONOMIC DEPARTMENT","","","","971|529242662","","1465516","2025-02-04 00:00:00","2026-02-03 00:00:00",""
"2236","JVC HIRAT REAL ESTATE L.L.C","2025-02-07 10:01:25","DUBAI ECONOMIC DEPARTMENT","PROFESSIONAL","","","","","1468699","2025-02-06 00:00:00","2026-02-05 00:00:00",""
"2237","ALYAKKA DEVELOPERS L.L.C","2025-02-10 09:18:33","DUBAI ECONOMIC DEPARTMENT","PROFESSIONAL","","","","","1446808","2025-01-14 00:00:00","2026-01-13 00:00:00",""
"2238","CRESTLINE REAL ESTATE DEVELOPMENTS L.L.C","2025-02-10 11:56:05","DUBAI ECONOMIC DEPARTMENT","PROFESSIONAL","","","","","1469165","2025-02-10 00:00:00","2026-02-09 00:00:00",""
"2239","G P REAL ESTATE DEVELOPMENT L.L.C","2025-02-11 09:22:31","DUBAI ECONOMIC DEPARTMENT","PROFESSIONAL","","","042242426","042242426","1436375","2025-02-11 00:00:00","2026-02-10 00:00:00",""
"2240","VOLANTE REAL ESTATE L.L.C","2025-02-11 11:02:06","DUBAI ECONOMIC DEPARTMENT","PROFESSIONAL","","","971|507533680","","1468259","2025-02-10 00:00:00","2026-02-09 00:00:00",""
"2241","ROYAL MIRAGE REAL ESTATE DEVELOPMENT L.L.C","2025-02-12 11:14:44","DUBAI ECONOMIC DEPARTMENT","PROFESSIONAL","","","971|0526233155","","1195946","2023-07-05 00:00:00","2026-07-04 00:00:00",""
"2242","H N B VISION REAL ESTATE DEVELOPMENT L.L.C","2025-02-12 11:17:53","DUBAI ECONOMIC DEPARTMENT","PROFESSIONAL","","","971|505478540","","1465298","2025-01-31 00:00:00","2026-01-30 00:00:00",""
"2243","STALLION HOMES REAL ESTATE DEVELOPMENT L.L.C","2025-02-13 06:55:17","DUBAI ECONOMIC DEPARTMENT","PROFESSIONAL","","","","","1416314","2024-09-25 00:00:00","2025-09-24 00:00:00",""
"2244","NEWBURY REAL ESTATE DEVELOPMENT L.L.C","2025-02-13 10:18:10","DUBAI ECONOMIC DEPARTMENT","PROFESSIONAL","","","","","1409435","2024-10-01 00:00:00","2026-09-30 00:00:00",""
"2245","INNOVATIVE DEVELOPMENTS L.L.C","2025-02-14 11:08:27","DUBAI ECONOMIC DEPARTMENT","PROFESSIONAL","","","","","1415508","2024-09-17 00:00:00","2025-09-16 00:00:00",""
"2246","A G W REAL ESTATE DEVELOPMENT L.L.C","2025-02-17 09:41:42","DUBAI ECONOMIC DEPARTMENT","PROFESSIONAL","","","","","1434479","2024-11-01 00:00:00","2025-10-31 00:00:00",""
"2247","M E T PROPERTIES L.L.C","2025-02-17 11:54:53","DUBAI ECONOMIC DEPARTMENT","","","","","","1426352","2024-10-14 00:00:00","2025-10-13 00:00:00",""
"2248","SHAMMES AND YAZIN PROPERTIES DEVELOPMENT L.L.C","2025-02-17 12:19:22","DUBAI ECONOMIC DEPARTMENT","","","","","","1452770","2025-02-03 00:00:00","2026-02-02 00:00:00",""
"2249","JGE REAL ESTATE L.L.C","2025-02-17 12:21:11","TRAKHEEES-DED","","","","","","1463004","2025-01-21 00:00:00","2026-01-20 00:00:00",""
"2250","AUM 99 HOME REAL ESTATE DEVELOPMENTS L.L.C","2025-02-18 07:09:45","DUBAI ECONOMIC DEPARTMENT","PROFESSIONAL","","","","","1448832","2024-12-25 00:00:00","2025-12-24 00:00:00",""
"2251","COMITAS RESIDENCES REAL ESTATE DEVELOPMENT L.L.C","2025-02-18 07:12:13","DUBAI ECONOMIC DEPARTMENT","PROFESSIONAL","","","","","1362056","2024-05-21 00:00:00","2026-05-20 00:00:00",""
"2252","NEXT MOVE REAL ESTATE","2025-02-18 10:58:16","DUBAI ECONOMIC DEPARTMENT","","","","","","561039","2004-09-01 00:00:00","2026-08-31 00:00:00",""
"2253","PEACE HOMES REAL ESTATE (BRANCH)","2025-02-18 14:13:16","TRAKHEEES-DED","","","","045539027","045539024","1111335","2022-10-25 00:00:00","2024-10-24 00:00:00",""
"2254","BT PROPERTIES DWC LLC","2025-02-18 00:00:00","DUBAI ECONOMIC DEPARTMENT","PROFESSIONAL","Limited Responsibility","www.btproperties.ae","042492750","044221972","13021","2024-09-19 00:00:00","2028-09-18 00:00:00",""
"2255","TEJER PROPERTIES L.L.C","2025-02-20 13:36:44","DUBAI ECONOMIC DEPARTMENT","PROFESSIONAL","","","","","1474422","2025-02-20 00:00:00","2026-02-19 00:00:00",""
"2256","FUHUI REAL ESTATE DEVELOPMENT L.L.C","2025-02-24 09:13:26","DUBAI ECONOMIC DEPARTMENT","PROFESSIONAL","","","","","1456108","2025-02-14 00:00:00","2026-02-13 00:00:00",""
"2257","PRESTIGE LUXE REAL ESTATE DEVELOPMENT L.L.C","2025-02-25 08:53:40","DUBAI ECONOMIC DEPARTMENT","PROFESSIONAL","","","0000","00000","1471430","2025-02-19 00:00:00","2026-02-18 00:00:00",""
"2258","CITYLINK PROPERTIES L.L.C","2025-02-25 13:16:27","DUBAI ECONOMIC DEPARTMENT","PROFESSIONAL","","","","","1473771","2025-02-20 00:00:00","2026-02-19 00:00:00",""
"2259","IMTIAZ LUXURY REAL ESTATE DEVELOPMENT L.L.C","2025-02-26 08:17:02","DUBAI ECONOMIC DEPARTMENT","PROFESSIONAL","","","","","1468806","2025-02-25 00:00:00","2026-02-24 00:00:00",""
"2260","VALORES WBAY PROPERTY DEVELOPMENT L.L.C","2025-02-27 06:43:42","DUBAI ECONOMIC DEPARTMENT","PROFESSIONAL","","","","","1451146","2025-01-24 00:00:00","2026-01-23 00:00:00",""
"2261","SOUTH LIVING REAL ESTATE DEVELOPMENT L.L.C","2025-02-27 06:45:09","DUBAI ECONOMIC DEPARTMENT","PROFESSIONAL","","","","","1460918","2025-01-15 00:00:00","2026-01-14 00:00:00",""
"2262","SEGREX TERRA DEVELOPMENT L.L.C","2025-02-27 12:59:13","DUBAI ECONOMIC DEPARTMENT","PROFESSIONAL","","","","","1268378","2023-11-23 00:00:00","2025-11-22 00:00:00",""
"2263","N Y X REAL ESTATE DEVELOPMENT L.L.C","2025-02-28 00:00:00","DUBAI ECONOMIC DEPARTMENT","PROFESSIONAL","Limited Responsibility","","000","000","1468647","2025-02-14 00:00:00","2026-02-13 00:00:00",""
"2264","MANAROLA REAL ESTATE DEVELOPMENTS L.L.C","2025-03-03 11:02:04","DUBAI ECONOMIC DEPARTMENT","PROFESSIONAL","","","971|565114944","0503563828","1380682","2024-07-11 00:00:00","2026-07-10 00:00:00",""
"2265","AESTAS RESIDENCES REAL ESTATE L.L.C","2025-03-03 11:08:16","DUBAI ECONOMIC DEPARTMENT","PROFESSIONAL","","","0503563828","0503563828","1354638","2024-05-07 00:00:00","2026-05-06 00:00:00",""
"2266","BUKADRA PROPERTIES L.L.C","2025-03-06 09:43:02","DUBAI ECONOMIC DEPARTMENT","PROFESSIONAL","","","","","1368915","2024-06-13 00:00:00","2027-06-12 00:00:00",""
"2267","IRTH URBAN DEVELOPMENT L.L.C","2025-03-07 07:45:00","DUBAI ECONOMIC DEPARTMENT","PROFESSIONAL","","","","","1463835","2025-03-06 00:00:00","2026-03-05 00:00:00",""
"2268","MD WORLD ISLANDS DEVELOPMENTS L.L.C","2025-03-09 14:32:17","DUBAI ECONOMIC DEPARTMENT","PROFESSIONAL","","","","","1430435","2024-10-23 00:00:00","2025-10-22 00:00:00",""
"2269","EAGLE GROVE REAL ESTATE DEVELOPMENT L.L.C","2025-03-10 07:55:55","DUBAI ECONOMIC DEPARTMENT","PROFESSIONAL","","","","","1479247","2025-03-07 00:00:00","2026-03-06 00:00:00",""
"2270","BITHAUS REAL ESTATE DEVELOPMENT L.L.C","2025-03-10 10:39:41","DUBAI ECONOMIC DEPARTMENT","PROFESSIONAL","","","971|527901115","","1457513","2025-01-09 00:00:00","2026-01-08 00:00:00",""
"2271","KARMA D S C DEVELOPERS L.L.C","2025-03-11 11:57:49","DUBAI ECONOMIC DEPARTMENT","","","","040000000","040000000","1430812","2024-10-28 00:00:00","2025-10-27 00:00:00",""
"2272","CENTRAL ONE REAL ESTATE BROKER L.L.C","2025-03-11 12:19:05","DUBAI ECONOMIC DEPARTMENT","PROFESSIONAL","","","","","1288853","2024-01-09 00:00:00","2025-01-08 00:00:00",""
"2273","IAH REALTY L.L.C","2025-03-11 13:31:40","DUBAI ECONOMIC DEPARTMENT","PROFESSIONAL","","","","","1435875","2024-12-05 00:00:00","2025-12-04 00:00:00",""
"2274","BARCO PROPERTIES DEVELOPMENT L.L.C","2025-03-12 11:51:05","DUBAI ECONOMIC DEPARTMENT","PROFESSIONAL","","","","","1465957","2025-02-25 00:00:00","2026-02-24 00:00:00",""
"2275","IMTIAZ COVE REAL ESTATE DEVELOPMENT L.L.C","2025-03-12 14:42:16","DUBAI ECONOMIC DEPARTMENT","","","","","","1479136","2025-03-12 00:00:00","2026-03-11 00:00:00",""
"2276","INFINITY HEIGHTS REAL ESTATE DEVELOPMENT L.L.C","2025-03-13 08:53:47","DUBAI ECONOMIC DEPARTMENT","","","","","","1471475","2025-03-11 00:00:00","2026-03-10 00:00:00",""
"2277","CONFIDENT REAL ESTATE DEVELOPMENT L.L.C","2025-03-13 14:15:47","DUBAI ECONOMIC DEPARTMENT","PROFESSIONAL","","","","","1414113","2024-09-20 00:00:00","2025-09-19 00:00:00",""
"2278","ACUBE NOVA REAL ESTATE DEVELOPMENT L.L.C","2025-03-13 14:56:17","DUBAI ECONOMIC DEPARTMENT","","","","","","1476996","2025-03-13 00:00:00","2026-03-12 00:00:00",""
"2279","DAR COMFORT REAL ESTATE L.L.C","2025-03-17 11:20:47","DUBAI ECONOMIC DEPARTMENT","PROFESSIONAL","","","","","1332921","2024-03-25 00:00:00","2026-03-24 00:00:00",""
"2280","MAAKDREAM PROPERTIES L.L.C","2025-03-17 11:31:19","DUBAI ECONOMIC DEPARTMENT","PROFESSIONAL","","","","","1387128","2024-07-17 00:00:00","2026-07-16 00:00:00",""
"2281","ARMADA REAL ESTATE DEVELOPMENT L.L.C","2025-03-17 13:17:55","DUBAI ECONOMIC DEPARTMENT","","","","","","1482306","2025-03-14 00:00:00","2026-03-13 00:00:00",""
"2282","JHK HEIGHTS REAL ESTATE DEVELOPMENT L.L.C","2025-03-18 10:05:22","DUBAI ECONOMIC DEPARTMENT","PROFESSIONAL","","","","","1460927","2025-02-24 00:00:00","2026-02-23 00:00:00",""
"2283","HEAVEN VIEW REAL ESTATE DEVELOPMENT L.L.C","2025-03-19 12:46:37","DUBAI ECONOMIC DEPARTMENT","PROFESSIONAL","","","971|503628705","","1448151","2024-12-18 00:00:00","2025-12-17 00:00:00",""
"2284","ASCENDAS SKY REAL ESTATE L.L.C","2025-03-20 10:33:47","DUBAI ECONOMIC DEPARTMENT","PROFESSIONAL","","","","","1422289","2024-10-03 00:00:00","2025-10-02 00:00:00",""
"2285","AL MIZAN SERENE DEVELOPMENT L.L.C","2025-03-20 11:19:51","DUBAI ECONOMIC DEPARTMENT","","","","","","1483266","2025-03-19 00:00:00","2026-03-18 00:00:00",""
"2286","E P C I DEVELOPMENT L.L.C","2025-03-20 14:39:18","DUBAI ECONOMIC DEPARTMENT","","","","","","1483154","2025-03-18 00:00:00","2026-03-17 00:00:00",""
"2287","M A A K D R E A M O N E PROPERTIES L.L.C","2025-03-21 08:12:51","DUBAI ECONOMIC DEPARTMENT","","","","","","1477830","2025-03-20 00:00:00","2026-03-19 00:00:00",""
"2288","A M I S SIGNATURE DEVELOPMENT L.L.C","2025-03-21 08:15:29","DUBAI ECONOMIC DEPARTMENT","","","","","","1482283","2025-03-19 00:00:00","2026-03-18 00:00:00",""
"2289","AMBERTON RESIDENCES REAL ESTATE L.L.C","2025-03-24 10:20:47","DUBAI ECONOMIC DEPARTMENT","PROFESSIONAL","","","","","1363520","2024-05-23 00:00:00","2026-05-22 00:00:00",""
"2290","SAMIAH VISION REAL ESTATE DEVELOPMENT L.L.C","2025-03-24 13:13:52","DUBAI ECONOMIC DEPARTMENT","","","","","","1485168","2025-03-23 00:00:00","2026-03-22 00:00:00",""
"2291","HOLM GARDENS REAL ESTATE DEVELOPMENT (Br of LAVISH TOWN REAL ESTATE DEVELOPMENT L.L.C)","2025-03-24 13:15:15","DUBAI ECONOMIC DEPARTMENT","","","","","","1485333","2025-03-24 00:00:00","2026-03-23 00:00:00",""
"2292","BABYLONIA LION REAL ESTATE DEVELOPMENT L.L.C","2025-03-24 15:14:48","DUBAI ECONOMIC DEPARTMENT","","","","042687071","042687072","1475603","2025-03-21 00:00:00","2026-03-20 00:00:00",""
"2293","CASA ADUR REAL ESTATE L.L.C","2025-03-25 00:01:20","DUBAI ECONOMIC DEPARTMENT","","","","","","1484472","2025-03-24 00:00:00","2026-03-23 00:00:00",""
"2294","M S B REAL ESTATE DEVELOPMENT L.L.C","2025-03-25 11:45:46","DUBAI ECONOMIC DEPARTMENT","PROFESSIONAL","","","043356335","043355226","1470852","2025-02-13 00:00:00","2026-02-12 00:00:00",""
"2295","CASA PRESTON REAL ESTATE L.L.C","2025-03-25 13:28:56","DUBAI ECONOMIC DEPARTMENT","","","","","","1484272","2025-03-24 00:00:00","2026-03-23 00:00:00",""
"2296","NUSUK REAL ESTATE DEVELOPMENT L.L.C","2025-03-28 00:50:24","DUBAI ECONOMIC DEPARTMENT","","","","","","1484900","2025-03-25 00:00:00","2026-03-24 00:00:00",""
"2297","ALISHAAN DEVELOPMENTS L.L.C","2025-04-02 07:48:54","DUBAI ECONOMIC DEPARTMENT","","","","","","1485170","2025-03-28 00:00:00","2026-03-27 00:00:00",""
"2298","CENTURION PROPERTIES L.L.C","2025-04-02 13:37:19","DUBAI ECONOMIC DEPARTMENT","","","","","","1487175","2025-03-27 00:00:00","2026-03-26 00:00:00",""
"2299","RARE BUILDERS REAL ESTATE DEVELOPMENT L.L.C","2025-04-03 07:02:39","DUBAI ECONOMIC DEPARTMENT","","","","","","1486280","2025-04-02 00:00:00","2026-04-01 00:00:00",""
"2300","ALAYELI REAL ESTATE DEVELOPMENT L.L.C","2025-04-04 11:50:38","DUBAI ECONOMIC DEPARTMENT","PROFESSIONAL","","","","","1443708","2024-12-11 00:00:00","2025-12-10 00:00:00",""
"2301","ART OF AMBER REAL ESTATE DEVELOPMENT L.L.C","2025-04-07 07:07:21","DUBAI ECONOMIC DEPARTMENT","PROFESSIONAL","","","","","1469961","2025-02-26 00:00:00","2026-02-25 00:00:00",""
"2302","ZENNOVA REALTY REAL ESTATE DEVELOPMENT L.L.C","2025-04-08 11:33:05","DUBAI ECONOMIC DEPARTMENT","PROFESSIONAL","","","","","1398121","2024-08-05 00:00:00","2026-08-04 00:00:00",""
"2303","CITY LIVING PROPERTIES","2025-04-08 16:17:04","DUBAI ECONOMIC DEPARTMENT","","","www.almasfoundation.com","97143558900","","616299","2008-09-11 00:00:00","2025-09-10 00:00:00",""
"2304","CONDOR ISLAND LIVING REAL ESTATE DEVELOPMENT L.L.C S.O.C","2025-04-08 20:15:57","DUBAI ECONOMIC DEPARTMENT","","","","","","1488612","2025-04-08 00:00:00","2026-04-07 00:00:00",""
"2305","DAR GLOBAL LUXURY PROPERTY DEVELOPMENT L.L.C S.O.C","2025-04-09 10:09:53","DUBAI ECONOMIC DEPARTMENT","PROFESSIONAL","","","971|526004902","","997901","2021-11-02 00:00:00","2025-10-31 00:00:00",""
"2306","M H L REAL ESTATE DEVELOPMENT (Br of MILLENNIUM HOLDING LIMITED ) - DUBAI BRANCH","2025-04-10 07:02:55","DUBAI ECONOMIC DEPARTMENT","","","","","","1490036","2025-04-09 00:00:00","2026-04-08 00:00:00",""
"2307","SOMERSET REAL ESTATE DEVELOPMENT LLC","2025-04-10 07:06:54","DUBAI ECONOMIC DEPARTMENT","","","","","","1474335","2025-04-09 00:00:00","2026-04-08 00:00:00",""
"2308","PRYSM REAL ESTATE DEVELOPMENT L.L.C","2025-04-10 09:37:49","DUBAI ECONOMIC DEPARTMENT","PROFESSIONAL","","","","","1428746","2024-12-04 00:00:00","2025-12-03 00:00:00",""
"2309","LIVING MIRAGE L.L.C","2025-04-10 15:16:32","DUBAI ECONOMIC DEPARTMENT","PROFESSIONAL","","","","","1440263","2024-11-21 00:00:00","2025-11-20 00:00:00",""
"2310","RETHINK VIRERA REAL ESTATE DEVELOPMENT L.L.C","2025-04-11 07:56:17","DUBAI ECONOMIC DEPARTMENT","PROFESSIONAL","","","","","1488646","2025-04-08 00:00:00","2026-04-07 00:00:00",""
"2311","PRIMROSE PROPERTIES L.L.C","2025-04-11 07:58:45","DUBAI ECONOMIC DEPARTMENT","","","","","","1479904","2025-04-09 00:00:00","2026-04-08 00:00:00",""
"2312","BASHIRI DEVELOPMENTS L.L.C","2025-04-11 11:17:36","DUBAI ECONOMIC DEPARTMENT","PROFESSIONAL","","","","","1474504","2025-02-19 00:00:00","2026-02-18 00:00:00",""
"2313","D G M ARCHETYPE REAL ESTATE DEVELOPMENT L.L.C","2025-04-14 07:03:00","DUBAI ECONOMIC DEPARTMENT","","","","","","1488213","2025-04-11 00:00:00","2026-04-10 00:00:00",""
"2314","ALZAROONI NATIONAL HOLDING GROUP L.L.C (BRANCH)","2025-04-14 07:04:42","DUBAI ECONOMIC DEPARTMENT","","","","","","1490834","2025-04-11 00:00:00","2026-04-10 00:00:00",""
"2316","COBIA REAL ESTATE DEVELOPMENT L.L.C","2025-04-16 12:20:02","DUBAI ECONOMIC DEPARTMENT","","","","971|565114944","0503563828","1481749","2025-03-26 00:00:00","2026-03-25 00:00:00",""
"2317","SILAA REALESTATE DEVELOPERS L.L.C","2025-04-16 12:42:34","DUBAI ECONOMIC DEPARTMENT","PROFESSIONAL","","","971-4-2592640","","1492661","2025-04-15 00:00:00","2026-04-14 00:00:00",""
"2318","HAMPSTEAD LUXURY DEVELOPMENTS L.L.C","2025-04-17 06:57:38","DUBAI ECONOMIC DEPARTMENT","","","","","","1488189","2025-04-07 00:00:00","2026-04-06 00:00:00",""
"2319","Emaar Dubai South Hotels and Retail DWC LLC","2025-04-17 11:07:20","DUBAI AVIATION CITY CORPORATION","","","","0504224677","043673333","7685","2018-03-19 00:00:00","2026-03-18 00:00:00",""
"2320","NURI REAL ESTATE DEVELOPMENT L.L.C","2025-04-18 07:17:05","DUBAI ECONOMIC DEPARTMENT","","","","","","1484683","2025-04-10 00:00:00","2026-04-09 00:00:00",""
"2321","HIGH TRUST REAL ESTATE DEVELOPMENT L.L.C","2025-04-21 12:41:01","DUBAI ECONOMIC DEPARTMENT","","","","","","1490298","2025-04-11 00:00:00","2026-04-10 00:00:00",""
"2322","WELLINGTON OCEAN REAL ESTATE DEVELOPMENT L.L.C","2025-04-22 07:07:53","DUBAI ECONOMIC DEPARTMENT","","","","","","1484337","2025-04-15 00:00:00","2026-04-14 00:00:00",""
"2323","IMTIAZ GI REAL ESTATE DEVELOPMENT L.L.C","2025-04-22 12:36:14","DUBAI ECONOMIC DEPARTMENT","","","","044303703","044303703","1485859","2025-04-21 00:00:00","2026-04-20 00:00:00",""
"2324"," BEYOND 1 REAL ESTATE DEVELOPMENT L.L.C ","2025-04-22 14:10:45","DUBAI ECONOMIC DEPARTMENT","PROFESSIONAL","","","971|565114944","0503563828","1478425","2025-03-26 00:00:00","2026-03-25 00:00:00",""
"2325","NAMI ISLAND DEVELOPMENT L.L.C","2025-04-23 12:24:23","DUBAI ECONOMIC DEPARTMENT","","","","","","1491000","2025-04-21 00:00:00","2026-04-20 00:00:00",""
"2326","J G E DEVELOPMENT L.L.C","2025-04-23 14:04:14","DUBAI ECONOMIC DEPARTMENT","PROFESSIONAL","","","971|43986666","043988111","916429","2020-11-19 00:00:00","2025-11-18 00:00:00",""
"2327","KAYAN LIVING REAL ESTATE DEVELOPMENT L.L.C","2025-04-24 06:44:29","DUBAI ECONOMIC DEPARTMENT","","","","","","1493445","2025-04-23 00:00:00","2026-04-22 00:00:00",""
"2328","YANGTZE INTERNATIONAL REAL ESTATE DEVELOPER L.L.C","2025-04-24 06:45:59","DUBAI ECONOMIC DEPARTMENT","","","","","","1493438","2025-04-23 00:00:00","2026-04-22 00:00:00",""
"2329","BELMONT DEVELOPERS L.L.C","2025-04-25 07:12:27","DUBAI ECONOMIC DEPARTMENT","PROFESSIONAL","","","","","1380334","2024-08-14 00:00:00","2025-08-13 00:00:00",""
"2330","NEXT ESTATES REAL ESTATE L.L.C","2025-04-28 07:08:58","DUBAI ECONOMIC DEPARTMENT","PROFESSIONAL","","","044550282","044550282","1470046","2025-03-08 00:00:00","2026-03-07 00:00:00",""
"2331","AJMAL ESTATE DEVELOPERS L.L.C","2025-04-28 09:58:57","DUBAI ECONOMIC DEPARTMENT","PROFESSIONAL","","","","","1376902","2024-08-07 00:00:00","2026-08-06 00:00:00",""
"2332","AL HAMRA ELITE DEVELOPMENT L.L.C","2025-04-28 12:25:58","DUBAI ECONOMIC DEPARTMENT","PROFESSIONAL","","","971|L","","1493575","2025-04-28 00:00:00","2026-04-27 00:00:00",""
"2333","AYOUBI DEVELOPMENT L.L.C","2025-04-29 07:08:13","DUBAI ECONOMIC DEPARTMENT","","","","","","1495279","2025-04-28 00:00:00","2026-04-27 00:00:00",""
"2334","AMIS AURUM REAL ESTATE DEVELOPMENT L.L.C","2025-04-29 07:12:14","DUBAI ECONOMIC DEPARTMENT","PROFESSIONAL","","","971|559246286","","1490385","2025-04-28 00:00:00","2026-04-27 00:00:00",""
"2335","SNG PROPERTY L.L.C","2025-04-30 06:49:53","DUBAI ECONOMIC DEPARTMENT","","","","","","1493599","2025-04-29 00:00:00","2026-04-28 00:00:00",""
"2336","ARCHETYPE REALTY DEVELOPER L.L.C","2025-04-30 10:18:11","DUBAI ECONOMIC DEPARTMENT","PROFESSIONAL","","","","","1392158","2024-07-31 00:00:00","2026-07-30 00:00:00",""
"2337","V H S REAL ESTATE DEVELOPMENTS L.L.C","2025-04-30 11:01:11","DUBAI ECONOMIC DEPARTMENT","","","","","","1490593","2025-04-29 00:00:00","2026-04-28 00:00:00",""
"2338","A A DEVELOPMENTS LLC","2025-05-01 06:54:20","DUBAI ECONOMIC DEPARTMENT","PROFESSIONAL","","","","","1470495","2025-02-07 00:00:00","2026-02-06 00:00:00",""
"2339","SAION REAL ESTATE DEVELOPMENT L.L.C","2025-05-02 07:46:09","DUBAI ECONOMIC DEPARTMENT","PROFESSIONAL","","","","","1422905","2024-10-03 00:00:00","2026-10-02 00:00:00",""
"2340","DISCOVERY GARDENS (L.L.C)","2025-05-05 12:04:34","DUBAI ECONOMIC DEPARTMENT","","Limited Responsibility","","971-4-3622000","971-4-3622091","578365","2006-03-05 00:00:00","2026-03-04 00:00:00",""
"2341","NEOTERRA REAL ESTATE DEVELOPMENT L.L.C","2025-05-05 12:42:15","DUBAI ECONOMIC DEPARTMENT","PROFESSIONAL","","","","","1492161","2025-04-28 00:00:00","2026-04-27 00:00:00",""
"2342","MIRDAD REAL ESTATE DEVELOPMENT L.L.C","2025-05-05 12:44:23","DUBAI ECONOMIC DEPARTMENT","PROFESSIONAL","","","","","1436234","2024-12-06 00:00:00","2025-12-05 00:00:00",""
"2343","M D 11 REAL ESTATE DEVELOPMENT L.L.C","2025-05-06 06:44:05","DUBAI ECONOMIC DEPARTMENT","PROFESSIONAL","","","","","1499182","2025-05-02 00:00:00","2026-05-01 00:00:00",""
"2344","ANANTA STAR DEVELOPERS L.L.C","2025-05-07 06:56:42","DUBAI ECONOMIC DEPARTMENT","","","","","","1494353","2025-04-20 00:00:00","2026-04-19 00:00:00",""
"2345","DARVIDA REAL ESTATE DEVELOPMENT L.L.C","2025-05-07 11:34:32","DUBAI ECONOMIC DEPARTMENT","","","","","","1499226","2025-05-07 00:00:00","2026-05-06 00:00:00",""
"2346","PALLADIUM NOVA REAL ESTATE DEVELOPMENT L.L.C","2025-05-08 12:16:47","DUBAI ECONOMIC DEPARTMENT","","","","971|563963194","","1479960","2025-04-11 00:00:00","2026-04-10 00:00:00",""
"2347","MASSVIEW REAL ESTATE DEVELOPERS L.L.C","2025-05-12 07:06:46","DUBAI ECONOMIC DEPARTMENT","","","","","","1423718","2024-10-17 00:00:00","2025-10-16 00:00:00",""
"2348","ALMAHY REAL ESTATE DEVELOPMENT L.L.C","2025-05-12 10:21:05","DUBAI ECONOMIC DEPARTMENT","PROFESSIONAL","","","","","1502813","2025-05-10 00:00:00","2026-05-09 00:00:00",""
"2349","BUKADRA DEVELOPMENT L.L.C","2025-05-12 10:32:15","DUBAI ECONOMIC DEPARTMENT","PROFESSIONAL","","","","","1493306","2025-04-18 00:00:00","2026-04-17 00:00:00",""
"2350","AKCEL REALTY REAL ESTATE DEVELOPMENT L.L.C","2025-05-12 11:28:39","DUBAI ECONOMIC DEPARTMENT","","","","","","1503456","2025-05-09 00:00:00","2026-05-08 00:00:00",""
"2351","Al Mizan Serene Real Estate Development DWC LLC","2025-05-13 13:09:18","DUBAI AVIATION CITY CORPORATION","","","","971|0556591860","","13291","2025-05-05 00:00:00","2026-05-04 00:00:00",""
"2352","UNIQUE HORIZON PROPERTIES L.L.C","2025-05-13 13:13:47","DUBAI ECONOMIC DEPARTMENT","","","","","","1490014","2025-05-08 00:00:00","2026-05-07 00:00:00",""
"2353","ARY & MAZ DEVELOPMENT L.L.C","2025-05-14 12:33:39","DUBAI ECONOMIC DEPARTMENT","","","","","","1499268","2025-05-12 00:00:00","2026-05-11 00:00:00",""
"2354","NEW SEASONS REAL ESTATE DEVELOPMENT L.L.C","2025-05-14 12:37:22","DUBAI ECONOMIC DEPARTMENT","PROFESSIONAL","","","","","1372639","2024-06-27 00:00:00","2026-06-26 00:00:00",""
"2355","SHAKIROV DEVELOPMENTS L.L.C","2025-05-15 06:51:37","DUBAI ECONOMIC DEPARTMENT","PROFESSIONAL","","","","","1504951","2025-05-14 00:00:00","2026-05-13 00:00:00",""
"2356","ARTIST D W I REAL ESTATE DEVELOPMENT L.L.C","2025-05-15 06:53:30","DUBAI ECONOMIC DEPARTMENT","","","","","","1503089","2025-05-14 00:00:00","2026-05-13 00:00:00",""
"2357","AL BARARI LOFTS REAL ESTATE L.L.C S.O.C","2025-05-15 08:43:58","DUBAI ECONOMIC DEPARTMENT","","","","","","1505364","2025-05-14 00:00:00","2026-05-13 00:00:00",""
"2358","D N G PROPERTIES L.L.C","2025-05-16 07:03:14","DUBAI ECONOMIC DEPARTMENT","","","","0569330399","0569330399","1340961","2024-04-01 00:00:00","2025-03-31 00:00:00",""
"2359","CASA VISTA DEVELOPMENT L.L.C","2025-05-16 09:39:45","DUBAI ECONOMIC DEPARTMENT","","","","","","1502829","2025-05-15 00:00:00","2026-05-14 00:00:00",""
"2360","MUNCHEN D W I REAL ESTATE DEVELOPMENT L.L.C","2025-05-19 06:57:41","DUBAI ECONOMIC DEPARTMENT","","","","0","0","1503094","2025-05-14 00:00:00","2026-05-13 00:00:00",""
"2361","PEARLSHIRE DI REAL ESTATE DEVELOPMENT L.L.C","2025-05-19 07:00:20","DUBAI ECONOMIC DEPARTMENT","","","","","","1501141","2025-05-14 00:00:00","2026-05-13 00:00:00",""
"2362","UPPAL HOUSING DEVELOPMENT L.L.C","2025-05-19 09:51:28","DUBAI ECONOMIC DEPARTMENT","","","","971|0502877256","+97141234567","1503457","2025-05-16 00:00:00","2026-05-15 00:00:00",""
"2363","AURUM LAND REAL ESTATE DEVELOPMENT L.L.C","2025-05-19 09:52:56","DUBAI ECONOMIC DEPARTMENT","","","","","","1503661","2025-05-16 00:00:00","2026-05-15 00:00:00",""
"2364","WADI HILLS CITY REAL ESTATE DEVELOPMENT L.L.C","2025-05-19 13:00:58","DUBAI ECONOMIC DEPARTMENT","","","","","","1505436","2025-05-17 00:00:00","2026-05-16 00:00:00",""
"2365","AQTAB PROPERTIES L.L.C","2025-05-19 14:27:49","DUBAI ECONOMIC DEPARTMENT","PROFESSIONAL","","","","","997901","2021-11-01 00:00:00","2025-10-31 00:00:00",""
"2366","CITY CREEK PROPERTY DEVELOPMENT L.L.C","2025-05-20 14:05:17","DUBAI ECONOMIC DEPARTMENT","PROFESSIONAL","","","97144386096","97144386095","650835","2011-03-07 00:00:00","2026-03-06 00:00:00",""
"2367","M A F U REAL ESTATE DEVELOPMENT L.L.C","2025-05-21 06:49:39","DUBAI ECONOMIC DEPARTMENT","","","","971|507370129","","1508119","2025-05-20 00:00:00","2026-05-19 00:00:00",""
"2368","VERIZON REAL STATE DEVELOPMENT L.L.C","2025-05-22 06:50:09","DUBAI ECONOMIC DEPARTMENT","","","","","","1505818","2025-05-21 00:00:00","2026-05-20 00:00:00",""
"2369","RAK PROPERTIES CO.P.J.S - DUBAI BRANCH","2025-05-22 10:32:16","DUBAI ECONOMIC DEPARTMENT","","","","","","853866","2019-10-02 00:00:00","2026-10-01 00:00:00",""
"2370","CITY VIEW URBAN REAL ESTATE DEVELOPMENT L.L.C","2025-05-22 11:30:53","DUBAI ECONOMIC DEPARTMENT","PROFESSIONAL","","","","","1496501","2025-05-14 00:00:00","2026-05-13 00:00:00",""
"2371","ELLINGTON PCFC DEVELOPERS L.L.C","2025-05-26 07:21:55","DUBAI ECONOMIC DEPARTMENT","","","","","","1508835","2025-05-23 00:00:00","2026-05-22 00:00:00",""
"2372","N A M O REAL ESTATE DEVELOPMENT L.L.C","2025-05-26 13:13:00","DUBAI ECONOMIC DEPARTMENT","","","","","","1484639","2025-04-30 00:00:00","2026-04-29 00:00:00",""
"2373","TIMBER TERRACE DEVELOPMENT L.L.C","2025-05-26 14:33:03","DUBAI ECONOMIC DEPARTMENT","","","","","","1507899","2025-05-24 00:00:00","2026-05-23 00:00:00",""
"2374","QUICK BUILD REAL ESTATE DEVELOPMENT L.L.C","2025-05-27 06:57:45","DUBAI ECONOMIC DEPARTMENT","PROFESSIONAL","","","","","1369936","2024-06-19 00:00:00","2026-06-18 00:00:00",""
"2375","BARAJEEL REAL ESTATE DEVELOPMENT L.L.C","2025-05-27 10:03:47","DUBAI ECONOMIC DEPARTMENT","","","","","","1509984","2025-05-26 00:00:00","2026-05-25 00:00:00",""
"2376","MARINA CIRCLE REAL ESTATE DEVELOPMENT L.L.C S.O.C","2025-05-27 11:58:50","DUBAI ECONOMIC DEPARTMENT","PROFESSIONAL","","","","0503563828","1130348","2022-12-23 00:00:00","2025-12-22 00:00:00",""
"2377","K X G REAL ESTATE DEVELOPMENT L.L.C","2025-05-29 09:42:20","DUBAI ECONOMIC DEPARTMENT","PROFESSIONAL","","","","","1501196","2025-05-23 00:00:00","2026-05-22 00:00:00",""
"2378","ARD ALMARIKH REAL ESTATE DEVELOPMENT L.L.C","2025-06-01 18:33:25","DUBAI ECONOMIC DEPARTMENT","PROFESSIONAL","","","","","1505351","2025-05-15 00:00:00","2026-05-14 00:00:00",""
"2379","ARCHETYPE REALTY DEVELOPER L.L.C (Branch)","2025-06-01 22:45:19","DUBAI ECONOMIC DEPARTMENT","PROFESSIONAL","","","","","1507632","2025-05-29 00:00:00","2026-05-28 00:00:00",""
"2380","ENZO PRIME REAL ESTATE DEVELOPMENT L.L.C S.O.C","2025-06-02 12:45:57","DUBAI ECONOMIC DEPARTMENT","","","","","","1502378","2025-05-27 00:00:00","2026-05-26 00:00:00",""
"2381","BOLD LIVING REAL ESTATE DEVELOPMENT L.L.C","2025-06-03 07:04:46","DUBAI ECONOMIC DEPARTMENT","","","","","","1512830","2025-06-02 00:00:00","2026-06-01 00:00:00",""
"2382","AMWAJ ALSHATEA REAL ESTATE DEVELOPMENT L.L.C","2025-06-03 07:06:45","DUBAI ECONOMIC DEPARTMENT","","","","","","1499294","2025-06-02 00:00:00","2026-06-01 00:00:00",""
"2383","DYAR AMWAJ REAL ESTATE DEVELOPMENT L.L.C","2025-06-03 12:42:00","DUBAI ECONOMIC DEPARTMENT","","","","","","1501875","2025-06-03 00:00:00","2026-06-02 00:00:00",""
"2384","BLANCO AJOY REAL ESTATE DEVELOPMENT L.L.C","2025-06-03 12:55:53","DUBAI ECONOMIC DEPARTMENT","PROFESSIONAL","","","","","1449210","2025-02-12 00:00:00","2026-02-11 00:00:00",""
"2385","AZHA SPORTS CITY RESIDENCES L.L.C","2025-06-04 06:59:14","DUBAI ECONOMIC DEPARTMENT","","","","971|475555","","1514125","2025-06-02 00:00:00","2026-06-01 00:00:00",""
"2386","AZHA DOWNTOWN LIVING L.L.C","2025-06-04 07:00:57","DUBAI ECONOMIC DEPARTMENT","","","","","","1501614","2025-05-08 00:00:00","2026-05-07 00:00:00",""
"2387","PEACE HOMES INTERNATIONAL DEVELOPMENT L.L.C","2025-06-09 13:04:03","DUBAI ECONOMIC DEPARTMENT","PROFESSIONAL","","","","","1511993","2025-06-03 00:00:00","2026-06-02 00:00:00",""
"2388","PEACE HOMES GLOBAL DEVELOPMENT L.L.C","2025-06-09 13:13:42","DUBAI ECONOMIC DEPARTMENT","","","","971|568882510","","1511841","2025-05-30 00:00:00","2026-09-25 00:00:00",""
"2389","AL BATHA REAL ESTATE CO .LLC - DUBAI BRANCH","2025-06-09 13:42:47","DUBAI ECONOMIC DEPARTMENT","PROFESSIONAL","","","","","1225441","2023-08-23 00:00:00","2026-08-22 00:00:00",""
"2390","LEGACY STAR REAL ESTATE DEVELOPMENT L.L.C","2025-06-10 13:40:17","DUBAI ECONOMIC DEPARTMENT","","","","","","1495476","2025-06-10 00:00:00","2026-06-09 00:00:00",""
"2391","NAIA COMMUNITY L.L.C","2025-06-10 14:00:04","DUBAI ECONOMIC DEPARTMENT","PROFESSIONAL","","","","","1290223","2024-01-11 00:00:00","2026-01-10 00:00:00",""
"2392","JEZOUL ESTATES L.L.C","2025-06-10 14:01:15","DUBAI ECONOMIC DEPARTMENT","PROFESSIONAL","","","","","1319102","2024-02-27 00:00:00","2026-02-26 00:00:00",""
"2393","ANANTA REAL ESTATE DEVELOPMENT L.L.C","2025-06-10 14:42:40","DUBAI ECONOMIC DEPARTMENT","","","","","","1490604","2025-04-09 00:00:00","2026-04-08 00:00:00",""
"2394","MERATH DEV FOR REAL ESTATE DEVELOPMENT L.L.C","2025-06-11 07:04:37","DUBAI ECONOMIC DEPARTMENT","","","","","","1513382","2025-05-31 00:00:00","2026-05-30 00:00:00",""
"2395","LINCOLN RISE REAL ESTATE DEVELOPMENT L.L.C","2025-06-11 07:07:35","DUBAI ECONOMIC DEPARTMENT","","","","","","1501101","2025-06-09 00:00:00","2026-06-08 00:00:00",""
"2396","PACIFIC REAL ESTATE DEVELOPMENT L.L.C","2025-06-11 11:08:23","DUBAI ECONOMIC DEPARTMENT","BUSINESS","","","0459188825","9710583296300","657328","2011-07-31 00:00:00","2017-07-30 00:00:00",""
"2397","CASAGRAND GALLANTEE REAL ESTATE L.L.C","2025-06-11 12:30:54","DUBAI ECONOMIC DEPARTMENT","","","","","","1205969","2023-07-11 00:00:00","2026-07-10 00:00:00",""
"2398","MASHAREQ REAL ESTATE DEVELOPMENT L.L.C","2025-06-12 07:47:16","DUBAI ECONOMIC DEPARTMENT","PROFESSIONAL","","","","","1455692","2025-01-10 00:00:00","2026-01-09 00:00:00",""
"2399","LEGACY HOMES DEVELOPMENT DWC - LLC","2025-06-12 08:17:39","DUBAI AVIATION CITY CORPORATION","","","","","","13338","2025-06-04 00:00:00","2026-06-03 00:00:00",""
"2400","INFRACORP REAL ESTATE DEVELOPMENT L.L.C S.O.C","2025-06-12 11:13:58","DUBAI ECONOMIC DEPARTMENT","","","","","","1516120","2025-06-12 00:00:00","2026-06-11 00:00:00",""
"2401","ORCHID LIVING REAL ESTATE L.L.C","2025-06-13 07:12:18","DUBAI ECONOMIC DEPARTMENT","PROFESSIONAL","","","971-52-1806847","","1085909","2022-08-03 00:00:00","2026-08-02 00:00:00",""
"2402","R3R LUXE REAL ESTATE DEVELOPMENT L.L.C","2025-06-13 07:14:57","Mohammed Bin Rashid Est","","","","","043389933","1516896","2025-06-12 00:00:00","2026-06-11 00:00:00",""
"2403","AUM TWO REAL ESTATE DEVELOPMENT L.L.C S.O.C","2025-06-16 07:08:00","DUBAI ECONOMIC DEPARTMENT","","","","","","1516511","2025-06-13 00:00:00","2026-06-12 00:00:00",""
"2404","DAR AL AIHAM PROPERTIES L.L.C","2025-06-16 09:40:31","DUBAI ECONOMIC DEPARTMENT","","","","","","1517414","2025-06-13 00:00:00","2026-06-12 00:00:00",""
"2405","A N K CREATIVE REAL ESTATE DEVELOPMENT L.L.C","2025-06-17 07:00:34","DUBAI ECONOMIC DEPARTMENT","PROFESSIONAL","","","","","1144602","2023-01-27 00:00:00","2026-01-26 00:00:00",""
"2406","A D G REAL ESTATE DEVELOPMENT L.L.C","2025-06-17 10:19:50","DUBAI ECONOMIC DEPARTMENT","PROFESSIONAL","","","","","1419999","2024-10-07 00:00:00","2026-10-06 00:00:00",""
"2407","CENTURION SG PROPERTIES L.L.C","2025-06-18 07:03:47","DUBAI ECONOMIC DEPARTMENT","","","","","","1518447","2025-06-17 00:00:00","2026-06-16 00:00:00",""
"2408","RZR PLUS REAL ESTATE DEVELOPMENT L.L.C","2025-06-18 11:16:38","DUBAI ECONOMIC DEPARTMENT","PROFESSIONAL","","","","","1261381","2023-11-10 00:00:00","2025-11-09 00:00:00",""
"2409","SANDY SHORES REAL ESTATE L.L.C S.O.C","2025-06-23 07:26:37","DUBAI ECONOMIC DEPARTMENT","","","","","","1511561","2025-06-19 00:00:00","2026-06-18 00:00:00",""
"2410","BLUE ISLES REAL ESTATE DEVELOPMENT L.L.C S.O.C","2025-06-23 07:30:22","DUBAI ECONOMIC DEPARTMENT","","","","","","1508374","2025-06-19 00:00:00","2026-06-18 00:00:00",""
"2411","DEERFIELDS REAL ESTATE DEVELOPMENT L.L.C S.O.C","2025-06-23 09:22:51","DUBAI ECONOMIC DEPARTMENT","","","","","","1516116","2025-06-21 00:00:00","2026-06-20 00:00:00",""
"2412","SOMON REAL ESTATE DEVELOPMENT L.L.C","2025-06-23 12:41:50","DUBAI ECONOMIC DEPARTMENT","PROFESSIONAL","","","","","1519061","2025-06-18 00:00:00","2026-06-17 00:00:00",""
"2413","INDEPENDENCE REAL ESTATE DEVELOPMENT L.L.C S.O.C","2025-06-24 06:51:52","DUBAI ECONOMIC DEPARTMENT","","","","0544402259","0544402259","1515949","2025-06-23 00:00:00","2026-06-22 00:00:00",""
"2414","MAAIA 101 DEVELOPERS L.L.C","2025-06-24 13:42:50","DUBAI ECONOMIC DEPARTMENT","","","","","","1495562","2025-06-24 00:00:00","2026-06-23 00:00:00",""
"2415","OXUS REAL ESTATE DEVELOPMENT L.L.C","2025-06-24 13:54:13","DUBAI ECONOMIC DEPARTMENT","","","","","","1521215","2025-06-24 00:00:00","2026-06-23 00:00:00",""
"2416","BEYOND VESPERA REAL ESTATE DEVELOPMENT L.L.C","2025-06-25 08:16:33","DUBAI ECONOMIC DEPARTMENT","PROFESSIONAL","","","","0503563828","1512752","2025-06-12 00:00:00","2026-06-11 00:00:00",""
"2417","BEYOND DORADO REAL ESTATE DEVELOPMENT L.L.C","2025-06-25 08:17:22","DUBAI ECONOMIC DEPARTMENT","","","","1","","1512465","2025-06-12 00:00:00","2026-06-11 00:00:00",""
"2418","A R I S DEVELOPMENT L.L.C","2025-06-26 08:08:05","DUBAI ECONOMIC DEPARTMENT","PROFESSIONAL","","","","","1406992","2024-08-29 00:00:00","2025-08-28 00:00:00",""
"2419","ORIGAMI DEVELOPMENT L.L.C","2025-06-26 09:14:13","DUBAI ECONOMIC DEPARTMENT","","","","","","1521773","2025-06-25 00:00:00","2026-06-24 00:00:00",""
"2420","ELLINGTON SB DEVELOPMENT L.L.C","2025-06-30 07:25:46","DUBAI ECONOMIC DEPARTMENT","","","","","","1515093","2025-06-26 00:00:00","2026-06-25 00:00:00",""
"2421","Expo City Valley Apartments FZCO","2025-07-01 08:56:43","","","","","","045552022","00120","2025-02-18 00:00:00","2026-02-17 00:00:00",""
"2422","SOLAYA BARARI REAL ESTATE DEVELOPMENT L.L.C S.O.C","2025-07-02 10:13:27","DUBAI ECONOMIC DEPARTMENT","","","","","","1522871","2025-07-02 00:00:00","2026-07-01 00:00:00",""
"2423","CRESTARC DEVELOPERS L.L.C","2025-07-03 08:54:29","DUBAI ECONOMIC DEPARTMENT","","","","","","1522947","2025-07-02 00:00:00","2026-07-01 00:00:00",""
"2424","EVRION REAL ESTATE DEVELOPMENT L.L.C","2025-07-03 13:42:29","DUBAI ECONOMIC DEPARTMENT","","","","","","1503324","2025-07-01 00:00:00","2026-06-30 00:00:00",""
"2425","UNIQUE MOON DEVELOPMENT L.L.C S.O.C","2025-07-04 11:21:52","DUBAI ECONOMIC DEPARTMENT","","","","","","1521700","2025-07-04 00:00:00","2026-07-03 00:00:00",""
"2426","EWAAN HILLS REAL ESTATE DEVELOPMENT L.L.C S.O.C","2025-07-07 12:47:05","DUBAI ECONOMIC DEPARTMENT","","","","","","1524930","2025-07-04 00:00:00","2026-07-03 00:00:00",""
"2427","BOTTEGA 33 ARETE DEVELOPMENT L.L.C","2025-07-08 13:18:01","DUBAI ECONOMIC DEPARTMENT","PROFESSIONAL","","","","","1522937","2025-07-08 00:00:00","2026-07-07 00:00:00",""
"2428","HOLM AVENUE REAL ESTATE DEVELOPMENT L.L.C S.O.C","2025-07-09 08:43:15","DUBAI ECONOMIC DEPARTMENT","PROFESSIONAL","","","","","1519976","2025-06-23 00:00:00","2026-06-22 00:00:00",""
"2429","DRAKE AND SCULL REAL ESTATE DEVELOPMENT L.L.C","2025-07-09 12:36:15","DUBAI ECONOMIC DEPARTMENT","PROFESSIONAL","","","045283444","045283444","1456884","2025-01-16 00:00:00","2026-01-15 00:00:00",""
"2430","RMD SIGNATURE REAL ESTATE DEVELOPMENT L.L.C","2025-07-10 10:39:11","DUBAI ECONOMIC DEPARTMENT","","","","","","1519595","2025-07-05 00:00:00","2026-07-04 00:00:00",""
"2431","NAMAT REAL ESTATE DEVELOPMENT L.L.C","2025-07-10 12:24:08","DUBAI ECONOMIC DEPARTMENT","PROFESSIONAL","","","","","1520876","2025-07-09 00:00:00","2026-07-08 00:00:00",""
"2432","MARINA SQUARE REAL ESTATE DEVELOPMENT L.L.C","2025-07-11 07:22:24","DUBAI ECONOMIC DEPARTMENT","","","","","","1518146","2025-07-05 00:00:00","2026-07-04 00:00:00",""
"2433","HAYAT ALNASR REAL ESTATE DEVELOPMENT L.L.C","2025-07-14 07:21:49","DUBAI ECONOMIC DEPARTMENT","","","","","","1523520","2025-07-10 00:00:00","2026-07-09 00:00:00",""
"2434","IRTH URBAN TWO DEVELOPMENT L.L.C","2025-07-15 10:48:22","DUBAI ECONOMIC DEPARTMENT","","","","","","1524566","2025-07-15 00:00:00","2026-07-14 00:00:00",""
"2435","A J G PRIME REAL ESTATE DEVELOPMENT L.L.C","2025-07-16 07:06:27","DUBAI ECONOMIC DEPARTMENT","","","","","","1529027","2025-07-15 00:00:00","2026-07-14 00:00:00",""
"2436","ELEMENT HILLS REAL ESTATE L.L.C","2025-07-16 07:08:13","DUBAI ECONOMIC DEPARTMENT","PROFESSIONAL","","","","","1032817","2022-02-14 00:00:00","2026-02-13 00:00:00",""
"2437","DUBAI FESTIVAL CITY URBAN DEVELOPMENT ONE PERSON COMPANY L.L.C","2025-07-16 07:30:48","DUBAI ECONOMIC DEPARTMENT","PROFESSIONAL","","","","","842095","2019-07-08 00:00:00","2026-07-07 00:00:00",""
"2438","ADANTE REALTY PROPERTIES L.L.C","2025-07-16 12:44:40","DUBAI ECONOMIC DEPARTMENT","PROFESSIONAL","","","","","1340278","2024-07-25 00:00:00","2026-07-24 00:00:00",""
"2439","BRENTLEY REALTY L.L.C","2025-07-17 06:56:44","DUBAI ECONOMIC DEPARTMENT","PROFESSIONAL","","","","","1523422","2025-07-03 00:00:00","2026-07-02 00:00:00",""
"2440","WUJOD REAL ESTATE DEVELOPMENT L.L.C","2025-07-21 07:35:58","DUBAI ECONOMIC DEPARTMENT","","","","","","1528972","2025-07-18 00:00:00","2026-07-17 00:00:00",""
"2441","HOMEGA REAL ESTATE DEVELOPMENTS L.L.C","2025-07-21 14:09:32","DUBAI ECONOMIC DEPARTMENT","PROFESSIONAL","","","","","1253040","2023-10-27 00:00:00","2026-10-26 00:00:00",""
"2442","MISTER EMPEROR DEVELOPMENT L.L.C","2025-07-22 07:23:43","DUBAI ECONOMIC DEPARTMENT","","","","","","1530124","2025-07-21 00:00:00","2026-07-20 00:00:00",""
"2443","A M I S URBAN DEVELOPER L.L.C","2025-07-23 07:24:43","DUBAI ECONOMIC DEPARTMENT","PROFESSIONAL","","","","","1531791","2025-07-22 00:00:00","2026-07-21 00:00:00",""
"2444","1XL INFRA & REAL ESTATE DEVELOPMENT L.L.C","2025-07-23 07:35:14","DUBAI ECONOMIC DEPARTMENT","","","","","","1506861","2025-07-21 00:00:00","2026-07-20 00:00:00",""
"2445","EILDON HILLS REAL ESTATE DEVELOPMENT L.L.C","2025-07-23 11:20:22","DUBAI ECONOMIC DEPARTMENT","PROFESSIONAL","","","","","958192","2021-06-07 00:00:00","2026-06-06 00:00:00",""
"2446","ARADA DEVELOPMENTS LLC - DUBAI BRANCH","2025-07-23 11:59:48","DUBAI ECONOMIC DEPARTMENT","PROFESSIONAL","","","","","1232961","2023-09-12 00:00:00","2025-09-11 00:00:00",""
"2447","BIN ZAYED INVESTMENTS (L.L.C)","2025-07-23 13:36:21","DUBAI ECONOMIC DEPARTMENT","PROFESSIONAL","","","971-4-6859407","971-4-6859407","223301","1990-07-12 00:00:00","2026-07-11 00:00:00",""
"2448","ALBAB DEVELOPERS L.L.C","2025-07-25 07:36:58","DUBAI ECONOMIC DEPARTMENT","","","","","","1532624","2025-07-24 00:00:00","2026-07-23 00:00:00",""
"2449","GABANI REAL ESTATE DEVELOPMENT L.L.C","2025-07-29 13:17:03","DUBAI ECONOMIC DEPARTMENT","","","","","","1532969","2025-07-29 00:00:00","2026-07-28 00:00:00",""
"2450","CALGARY AVENUE SOUTH REAL ESTATE DEVELOPMENT L.L.C","2025-07-31 07:18:32","DUBAI ECONOMIC DEPARTMENT","","","","","","1534035","2025-07-29 00:00:00","2026-07-28 00:00:00",""
"2451","SFJ REAL ESTATE DEVELOPMENT L.L.C","2025-07-31 11:23:46","DUBAI ECONOMIC DEPARTMENT","","","","","","1535113","2025-07-31 00:00:00","2026-07-30 00:00:00",""
"2452","PRESCOTT REAL ESTATE DEVELOPMENT L.L.C (BRANCH)","2025-08-01 07:11:18","DUBAI ECONOMIC DEPARTMENT","","","","","","1535713","2025-07-31 00:00:00","2026-07-30 00:00:00",""
"2453","ALFUTTAIM MALLS L.L.C","2025-08-04 07:25:50","DUBAI ECONOMIC DEPARTMENT","PROFESSIONAL","","","","","657314","2011-07-28 00:00:00","2026-07-27 00:00:00",""
"2454","ESK INVESTMENTS - SOLE PROPRIETORSHIP L.L.C - DUBAI BRANCH","2025-08-04 11:18:37","DUBAI ECONOMIC DEPARTMENT","","","","","","1534250","2025-07-31 00:00:00","2026-07-30 00:00:00",""
"2455","OPUL REAL ESTATE DEVELOPMENT L.L.C","2025-08-04 11:21:53","DUBAI ECONOMIC DEPARTMENT","","","","","","1530960","2025-08-01 00:00:00","2026-07-31 00:00:00",""
"2456","KIARA LUXE REALTY L.L.C S.O.C","2025-08-04 12:14:08","DUBAI ECONOMIC DEPARTMENT","","","","","","1535679","2025-08-04 00:00:00","2026-08-03 00:00:00",""
"2457","EMAAR MARINA L.L.C S.O.C","2025-08-05 07:14:49","DUBAI ECONOMIC DEPARTMENT","","","","","","1534268","2025-08-04 00:00:00","2026-08-03 00:00:00",""
"2458","BAKHT DEVELOPMENTS L.L.C S.O.C","2025-08-06 11:26:21","DUBAI ECONOMIC DEPARTMENT","","","","","","1532202","2025-08-01 00:00:00","2026-07-31 00:00:00",""
"2459","MAC REAL ESTATE DEVELOPERS L.L.C","2025-08-07 07:24:49","DUBAI ECONOMIC DEPARTMENT","PROFESSIONAL","","","","","1320999","2024-09-10 00:00:00","2025-09-10 00:00:00",""
"2460","IRTH URBAN THREE DEVELOPMENT L.L.C","2025-08-08 07:16:18","DUBAI ECONOMIC DEPARTMENT","","","","","","1537249","2025-08-07 00:00:00","2026-08-06 00:00:00",""
"2461","ERETZ DEVELOPERS L.L.C","2025-08-08 09:30:09","DUBAI ECONOMIC DEPARTMENT","","","","","","1537028","2025-08-07 00:00:00","2026-08-06 00:00:00",""
"2462","GRAMERCY REAL ESTATE DEVELOPMENT L.L.C","2025-08-08 10:18:33","DUBAI ECONOMIC DEPARTMENT","","","","","","1517935","2025-08-06 00:00:00","2026-08-05 00:00:00",""
"2463","VEHA ONE REAL ESTATE DEVELOPMENT L.L.C","2025-08-08 10:20:37","DUBAI ECONOMIC DEPARTMENT","","","","","","1529019","2025-08-06 00:00:00","2026-08-05 00:00:00",""
"2464","DAMAC PRIME DEVELOPMENT L.L.C","2025-08-11 07:41:46","DUBAI ECONOMIC DEPARTMENT","PROFESSIONAL","","","971-04-3731000","971-04-3732316","784109","2017-06-06 00:00:00","2026-06-05 00:00:00",""
"2465","EMPIRE PRIME REAL ESTATE DEVELOPMENT L.L.C","2025-08-11 09:14:57","DUBAI ECONOMIC DEPARTMENT","PROFESSIONAL","","","971-4-3886944","","233649","1994-03-07 00:00:00","2026-03-06 00:00:00",""
"2466","MB RESIDENCES REAL ESTATE DEVELOPMENT L.L.C","2025-08-12 07:19:51","DUBAI ECONOMIC DEPARTMENT","","","","971|506321839","","1534859","2025-08-08 00:00:00","2026-08-07 00:00:00",""
"2467","PARK RESIDENCY REAL ESTATE DEVELOPMENT L.L.C","2025-08-12 10:45:23","DUBAI ECONOMIC DEPARTMENT","PROFESSIONAL","","","","","1461446","2025-02-12 00:00:00","2026-02-11 00:00:00",""
"2468","GHAITH ALAMAL FOR REAL ESTATE DEVELOPMENT L.L.C","2025-08-12 13:22:57","DUBAI ECONOMIC DEPARTMENT","","","","971-4-3965554","971-4-3966405","1530466","2025-08-12 00:00:00","2026-08-11 00:00:00",""
"2469","FRANKLIN REALTY REAL ESTATE DEVELOPMENT L.L.C","2025-08-13 09:16:13","DUBAI ECONOMIC DEPARTMENT","","","","","","1540055","2025-08-12 00:00:00","2026-08-11 00:00:00",""
"2470","MEEM HOMES PROPERTIES L.L.C","2025-08-13 11:04:34","DUBAI ECONOMIC DEPARTMENT","PROFESSIONAL","","","","","1337724","2024-05-16 00:00:00","2026-05-15 00:00:00",""
"2471","CORALBAY REAL ESTATE DEVELOPMENT L.L.C","2025-08-13 13:55:17","DUBAI ECONOMIC DEPARTMENT","","","","","","1539664","2025-08-12 00:00:00","2026-08-11 00:00:00",""
"2472","DUKE PROPERTIES L.L.C","2025-08-14 13:31:19","DUBAI ECONOMIC DEPARTMENT","","","","","","1477672","2025-08-13 00:00:00","2026-08-12 00:00:00",""
"2473","CENTURION OASIS DEVELOPER L.L.C","2025-08-15 10:50:14","DUBAI ECONOMIC DEPARTMENT","","","","","","1532104","2025-08-14 00:00:00","2026-08-13 00:00:00",""
"2474","OCTA DEVELOPMENT L.L.C","2025-08-18 07:25:59","DUBAI ECONOMIC DEPARTMENT","","","","","","1540884","2025-08-15 00:00:00","2026-08-14 00:00:00",""
"2475","ESSA BOKHOWA PROPERTIES L.L.C","2025-08-18 07:34:50","DUBAI ECONOMIC DEPARTMENT","","","","","","1535775","2025-08-15 00:00:00","2026-08-14 00:00:00",""
"2476","Siroya Ventures Star Real Estate Developers L.L.C","2025-08-18 12:35:38","DUBAI ECONOMIC DEPARTMENT","","","","","","1535626","2025-08-18 00:00:00","2026-08-17 00:00:00",""
"2477","LUNAI REAL ESTATE DEVELOPMENT L.L.C","2025-08-19 07:26:50","DUBAI ECONOMIC DEPARTMENT","","","","","","1541126","2025-08-15 00:00:00","2026-08-14 00:00:00",""
"2478","TAG PROPERTY DEVELOPMENT L.L.C","2025-08-20 11:24:00","DUBAI ECONOMIC DEPARTMENT","","","","","","1531599","2025-08-18 00:00:00","2026-08-17 00:00:00",""
"2479","SUNTECK MAS REAL ESTATE DEVELOPMENT L.L.C","2025-08-21 11:22:18","DUBAI ECONOMIC DEPARTMENT","PROFESSIONAL","","","","","1398854","2024-08-13 00:00:00","2026-08-12 00:00:00",""
"2480","KETURAH ARDH PROPERTY DEVELOPMENT L.L.C","2025-08-25 08:19:08","DUBAI ECONOMIC DEPARTMENT","","","","","","1532921","2025-08-22 00:00:00","2026-08-21 00:00:00",""
"2481","DELLA LUXURY DEVELOPER L.L.C","2025-08-25 09:33:34","DUBAI ECONOMIC DEPARTMENT","","","","","","1538491","2025-08-13 00:00:00","2026-08-12 00:00:00",""
"2482","LMD VENTURES BUYING AND SELLING OF REAL ESTATE L.L.C","2025-08-25 11:46:04","DUBAI ECONOMIC DEPARTMENT","","","","","","1511918","2025-06-02 00:00:00","2026-06-01 00:00:00",""
"2483","SAJ DEVELOPMENT L.L.C","2025-08-26 07:44:56","DUBAI ECONOMIC DEPARTMENT","","","","","","1543299","2025-08-25 00:00:00","2026-08-24 00:00:00",""
"2484","MILELE DEVELOPMENTS L.L.C","2025-08-26 10:34:21","DUBAI ECONOMIC DEPARTMENT","PROFESSIONAL","","","","","1541491","2025-08-21 00:00:00","2026-08-20 00:00:00",""
"2485","TANISHQ REAL ESTATE DEVELOPMENTS L.L.C","2025-08-26 13:40:43","DUBAI ECONOMIC DEPARTMENT","","","","","","1539969","2025-08-21 00:00:00","2026-08-20 00:00:00",""
"2486","LINCOLN PARK REAL ESTATE DEVELOPMENT L.L.C","2025-08-26 14:32:13","DUBAI ECONOMIC DEPARTMENT","","","","","","1542241","2025-08-20 00:00:00","2026-08-19 00:00:00",""
"2487","BOTTEGA NOVE BY LALAV REAL ESTATE DEVELOPMENT L.L.C","2025-08-27 06:50:07","DUBAI ECONOMIC DEPARTMENT","PROFESSIONAL","","","","","1543870","2025-08-26 00:00:00","2026-08-25 00:00:00",""
"2488","ESTRO REAL ESTATE DEVELOPMENT L.L.C","2025-08-27 06:53:55","DUBAI ECONOMIC DEPARTMENT","","","","","","1530609","2025-08-26 00:00:00","2026-08-25 00:00:00",""
"2489","NAKHEEL INTERNATIONAL REALTY (L.L.C)","2025-08-27 12:41:26","DUBAI ECONOMIC DEPARTMENT","PRIVATE COMPANY","","","971-4-3622000","971-4-3622091","576214","2005-12-24 00:00:00","2025-12-23 00:00:00",""
"2490","VERTIZONTL REAL ESTATE DEVELOPMENT L.L.C","2025-08-28 07:02:25","DUBAI ECONOMIC DEPARTMENT","PROFESSIONAL","","","","","1473531","2025-02-15 00:00:00","2026-02-14 00:00:00",""
"2491","CRYSTAL BAY AZURE DEVELOPMENT L.L.C","2025-08-29 07:23:04","DUBAI ECONOMIC DEPARTMENT","","","","","","1518434","2025-08-18 00:00:00","2026-08-17 00:00:00",""
"2492","CITY VIEW PRIME REAL ESTATE DEVELOPMENT L.L.C","2025-09-01 12:45:04","DUBAI ECONOMIC DEPARTMENT","","","","","","1546157","2025-09-01 00:00:00","2026-08-31 00:00:00",""
"2493","AZURE HORIZON REAL ESTATE DEVELOPMENTS L.L.C","2025-09-02 07:08:14","DUBAI ECONOMIC DEPARTMENT","PROFESSIONAL","","","","","1472021","2025-03-24 00:00:00","2026-03-23 00:00:00",""
"2494","AHS CITY DEVELOPMENT L.L.C S.O.C","2025-09-04 13:18:33","DUBAI ECONOMIC DEPARTMENT","PROFESSIONAL","","","","","1482432","2025-03-13 00:00:00","2026-03-12 00:00:00",""
"2495","IRTH URBAN FOUR DEVELOPMENT L.L.C","2025-09-09 06:58:02","DUBAI ECONOMIC DEPARTMENT","","","","","","1546615","2025-09-04 00:00:00","2026-09-03 00:00:00",""
"2496","ADAAN DEVELOPMENTS L.L.C","2025-09-09 13:34:45","DUBAI ECONOMIC DEPARTMENT","PROFESSIONAL","","","","","1546388","2025-09-01 00:00:00","2026-08-31 00:00:00",""
"2497","MEEM HOMES REAL ESTATE DEVELOPMENT L.L.C","2025-09-10 07:28:12","DUBAI ECONOMIC DEPARTMENT","","","","","","1549935","2025-09-09 00:00:00","2026-09-08 00:00:00",""
"2498","CENTURION JAIEDCO DEVELOPMENT L.L.C","2025-09-12 09:56:51","DUBAI ECONOMIC DEPARTMENT","","","","","","1544251","2025-09-11 00:00:00","2026-09-10 00:00:00",""
"2499","INTERCITI PROPERTIES L.L.C","2025-09-16 07:03:18","DUBAI ECONOMIC DEPARTMENT","","","","","","1549603","2025-09-12 00:00:00","2026-09-11 00:00:00",""
"2500","MUE 04 DEVELOPMENT L.L.C","2025-09-16 10:29:41","DUBAI ECONOMIC DEPARTMENT","","","","","","1552190","2025-09-15 00:00:00","2026-09-14 00:00:00",""
"2501","NUDRA REAL ESTATE L.L.C","2025-09-18 07:00:58","DUBAI ECONOMIC DEPARTMENT","","","","","","1549035","2025-09-17 00:00:00","2026-09-16 00:00:00",""
"2502","CRYSTAL PRIME REAL ESTATE DEVELOPMENT L.L.C","2025-09-18 11:00:52","DUBAI ECONOMIC DEPARTMENT","","","","","","1548620","2025-09-15 00:00:00","2026-09-14 00:00:00",""
"2503","ED RESIDENCES L.L.C","2025-09-18 11:30:13","DUBAI ECONOMIC DEPARTMENT","PROFESSIONAL","","","971-04-5114700","971-04-5114994","1262911","2023-11-15 00:00:00","2026-11-14 00:00:00",""
"2504","HARBOUR MED L.L.C","2025-09-18 14:16:25","DUBAI ECONOMIC DEPARTMENT","","","","","","1537355","2025-08-20 00:00:00","2026-08-19 00:00:00",""
"2505","CHAKOR VENTURES REAL ESTATE DEVELOPMENT L.L.C","2025-09-18 14:41:55","DUBAI ECONOMIC DEPARTMENT","","","","","","1527286","2025-07-11 00:00:00","2026-07-10 00:00:00",""
"2506","NYATI HRIDAAN DEVELOPMENT L.L.C","2025-09-19 06:56:31","DUBAI ECONOMIC DEPARTMENT","","","","971-50-7780199","","1541889","2025-09-17 00:00:00","2026-09-16 00:00:00",""
"2507","FP GLOBAL REAL ESTATE L.L.C","2025-09-22 20:50:10","DUBAI ECONOMIC DEPARTMENT","PROFESSIONAL","","","971-50-3820196","","752609","2016-02-17 00:00:00","2026-02-16 00:00:00",""
"2508","EIGHT SQUARE REAL ESTATE L.L.C","2025-09-24 11:41:12","DUBAI ECONOMIC DEPARTMENT","PROFESSIONAL","","","","","1290379","2024-01-16 00:00:00","2026-01-15 00:00:00",""
"2509","PRESTIGE SANCTUARY REAL ESTATE DEVELOPMENT L.L.C","2025-09-24 12:40:37","DUBAI ECONOMIC DEPARTMENT","","","","","","1553486","2025-09-24 00:00:00","2026-09-23 00:00:00",""
"2510","ALRAWAA REAL ESTATE DEVELOPMENT L.L.C","2025-09-24 12:42:48","DUBAI ECONOMIC DEPARTMENT","","","","","","1517801","2025-09-17 00:00:00","2026-09-16 00:00:00",""
"2511","MIRFA HARMONY REAL ESTATE DEVELOPMENT L.L.C","2025-09-26 09:55:12","DUBAI ECONOMIC DEPARTMENT","","","","","","1551411","2025-09-25 00:00:00","2026-09-24 00:00:00",""
"2512","SEGREX PROJECT SEVEN REAL ESTATE DEVELOPMENT L.L.C","2025-09-30 07:18:42","DUBAI ECONOMIC DEPARTMENT","PROFESSIONAL","","","971-4-4570341","","1509281","2025-05-27 00:00:00","2026-05-26 00:00:00",""
"2513","M M A REAL ESTATE DEVELOPMENT L.L.C","2025-09-30 10:57:24","DUBAI ECONOMIC DEPARTMENT","","","","","","1555619","2025-09-26 00:00:00","2026-09-25 00:00:00",""
"2514","GEO VISTA HOMES REAL ESTATE DEVELOPMENT L.L.C","2025-10-01 12:18:37","DUBAI ECONOMIC DEPARTMENT","","","","","","1499774","2025-05-13 00:00:00","2026-05-12 00:00:00",""
"2515","HAUSEN REAL ESTATE DEVELOPMENTS L.L.C S.O.C","2025-10-01 14:16:57","DUBAI ECONOMIC DEPARTMENT","","","","","","1557066","2025-10-01 00:00:00","2026-09-30 00:00:00",""
"2516","ARISTA ONE REAL ESTATE DEVELOPMENT L.L.C","2025-10-03 11:27:31","DUBAI ECONOMIC DEPARTMENT","","","","","","1545077","2025-10-02 00:00:00","2026-10-01 00:00:00",""
"2517","SANDEEP KAUSHAL REAL ESTATE DEVELOPMENT L.L.C S.O.C","2025-10-06 10:48:36","DUBAI ECONOMIC DEPARTMENT","","","","","","1558457","2025-10-03 00:00:00","2026-10-02 00:00:00",""
"2518","One Central Development FZE","2025-10-06 11:29:26","","","","","","","L-4252","2025-10-03 00:00:00","2026-10-02 00:00:00",""
"2519","CRYSTAL BAY ATIRA DEVELOPMENT L.L.C","2025-10-07 06:55:50","DUBAI ECONOMIC DEPARTMENT","","","","","","1518437","2025-10-04 00:00:00","2026-10-03 00:00:00",""
"2520","REDIX ONE REAL ESTATE L.L.C","2025-10-07 12:58:12","DUBAI ECONOMIC DEPARTMENT","PROFESSIONAL","","","044081000","","1468630","2025-02-11 00:00:00","2026-02-10 00:00:00",""
"2521","SAKEENAH REAL ESTATE DEVELOPMENTS L.L.C","2025-10-08 09:31:20","DUBAI ECONOMIC DEPARTMENT","","","","","","1555702","2025-10-06 00:00:00","2026-10-05 00:00:00",""
"2522","EAGLE HOMES REAL ESTATE DEVELOPMENT L.L.C","2025-10-08 10:37:22","DUBAI ECONOMIC DEPARTMENT","","","","","","1039932","2022-03-04 00:00:00","2026-03-03 00:00:00",""
"2523","LIV ISLAND REAL ESTATE DEVELOPMENT L.L.C","2025-10-09 10:29:36","DUBAI ECONOMIC DEPARTMENT","PROFESSIONAL","","","","","1558450","2025-10-07 00:00:00","2026-10-06 00:00:00",""
"2524","SERAVILLA REAL ESTATE DEVELOPMENT L.L.C","2025-10-09 12:33:06","DUBAI ECONOMIC DEPARTMENT","","","","0565114944","","1557660","2025-10-02 00:00:00","2026-10-01 00:00:00",""
"2525","KASUMIGASEKI PROPERTIES DEVELOPMENT L.L.C","2025-10-09 12:38:54","DUBAI ECONOMIC DEPARTMENT","","","","","","1554972","2025-10-07 00:00:00","2026-10-06 00:00:00",""
"2526","PRIME ESTATES PREMIUM DEVELOPMENT L.L.C","2025-10-10 06:57:07","DUBAI ECONOMIC DEPARTMENT","","","","","","1559921","2025-10-09 00:00:00","2026-10-08 00:00:00",""
"2527","SKY HARBOR REAL ESTATE DEVELOPMENT L.L.C S.O.C","2025-10-12 09:31:15","DUBAI ECONOMIC DEPARTMENT","","","","0400000000","040000000","1535288","2025-10-10 00:00:00","2026-10-09 00:00:00",""
